{"cameraMode":{"drawMode":0,"name":"Shaded","section":"Shading Mode"},"sceneLighting":false,"audioPlay":false,"sceneViewState":{"m_AlwaysRefresh":false,"showFog":true,"showSkybox":false,"showFlares":true,"showImageEffects":true,"showParticleSystems":true,"showVisualEffectGraphs":true,"m_FxEnabled":true},"in2DMode":false,"pivot":{"x":0.6032986640930176,"y":1.1612896919250489,"z":0.3725473880767822},"rotation":{"x":0.020315831527113916,"y":0.9118347764015198,"z":-0.04545576870441437,"w":0.4075293242931366},"size":49.599082946777347,"orthographic":true}