{"cameraMode":{"drawMode":0,"name":"Shaded","section":"Shading Mode"},"sceneLighting":false,"audioPlay":false,"sceneViewState":{"m_AlwaysRefresh":false,"showFog":true,"showSkybox":false,"showFlares":true,"showImageEffects":true,"showParticleSystems":true,"showVisualEffectGraphs":true,"m_FxEnabled":true},"in2DMode":false,"pivot":{"x":-0.03887742757797241,"y":0.047411903738975528,"z":0.021943777799606324},"rotation":{"x":0.07245633006095886,"y":-0.8888866901397705,"z":0.1510366052389145,"w":0.42641589045524599},"size":48.75981140136719,"orthographic":false}